veg_or_nonveg,Taste,Prep Time,Budget,Type,Output
Vegetarian,Salty,10Mins,Low budget,Snacks,"Aloo Tikki, Pani Puri, Samosa, Dhokla"
Vegetarian,Salty,10Mins,Low budget,Light Meal,"Idli, Upma, Dhokla, Masala Dosa"
Vegetarian,Salty,10Mins,Low budget,Heavy Meal,"Palak Paneer, Chana Masala, Aloo Gobhi, Paneer Butter Masala"
Vegetarian,Salty,10Mins,Avg budget,Snacks,"Vada Pav, Aloo Tikki Chaat, Samosa Chaat, Pav Bhaji"
Vegetarian,Salty,10Mins,Avg budget,Light Meal,"Masala Dosa, Pulao, Aloo Paratha, Upma"
Vegetarian,Salty,10Mins,Avg budget,Heavy Meal,"Palak Paneer, Chana Masala, Aloo Gobhi, Paneer Butter Masala"
Vegetarian,Salty,10Mins,Money does not matter to me,Snacks,"Samosa, Dhokla, Kachori, Burger"
Vegetarian,Salty,10Mins,Money does not matter to me,Light Meal,"Idli Sambar, Pulao, Upma, Masala Dosa"
Vegetarian,Salty,10Mins,Money does not matter to me,Heavy Meal,"Malai Kofta, Baingan Bharta, Shahi Paneer, Kadhai Paneer"
Vegetarian,Salty,1520 Mins,Low budget,Snacks,"Aloo Tikki, Pani Puri, Samosa, Dhokla, Vada Pav"
Vegetarian,Salty,1520 Mins,Low budget,Light Meal,"Idli, Upma, Dhokla, Masala Dosa"
Vegetarian,Salty,1520 Mins,Low budget,Heavy Meal,"Paneer Tikka Masala, Malai Kofta, Paneer Butter Masala, Mixed vegetable korma"
Vegetarian,Salty,1520 Mins,Avg budget,Snacks,"Vada Pav, Aloo Tikki Chaat, Samosa Chaat, Dahi Vada, Dhokla"
Vegetarian,Salty,1520 Mins,Avg budget,Light Meal,"Upma, Aloo Paratha, Pulao, Roti and Sabzi"
Vegetarian,Salty,1520 Mins,Avg budget,Heavy Meal,"Palak Paneer, Aloo Gobhi, Paneer Butter Masala, Chana Masala"
Vegetarian,Salty,1520 Mins,Money does not matter to me,Snacks,"Samosa, Dhokla, Kachori, Aloo Tikki"
Vegetarian,Salty,1520 Mins,Money does not matter to me,Light Meal,"Idli Sambar, Pulao, Upma, Masala Dosa"
Vegetarian,Salty,1520 Mins,Money does not matter to me,Heavy Meal,"Malai Kofta, Baingan Bharta, Shahi Paneer, Kadhai Paneer"
Vegetarian,Salty,30 mins,Low budget,Snacks,"Aloo Tikki, Samosa, Dhokla, Vada pav"
Vegetarian,Salty,30 mins,Low budget,Light Meal,"Idli, Upma, Masala Dosa, Roti and Sabzi"
Vegetarian,Salty,30 mins,Low budget,Heavy Meal,"Roti and Sabzi Upma Aloo Paratha Idli, Curd Rice "
Vegetarian,Salty,30 mins,Avg budget,Snacks,"Aloo Tikki, Samosa, Dhokla, Vada pav"
Vegetarian,Salty,30 mins,Avg budget,Light Meal,"Idli, Upma, Masala Dosa, Roti and Sabzi"
Vegetarian,Salty,30 mins,Avg budget,Heavy Meal,"Upma, Aloo Paratha, Idli"
Vegetarian,Salty,30 mins,Money does not matter to me,Snacks,"Aloo Tikki, Samosa, Dhokla, Vada pav, Dabeli"
Vegetarian,Salty,30 mins,Money does not matter to me,Light Meal,"Idli, Upma, Masala Dosa, Sada Dosa"
Vegetarian,Salty,30 mins,Money does not matter to me,Heavy Meal,"Palak Paneer, Chana Masala, Aloo Gobhi, Cheese Paneer Butter Masala"
Vegetarian,Salty,1 hour,Low budget,Snacks,"Aloo Tikki, Samosa, Dhokla, Vada pav"
Vegetarian,Salty,1 hour,Low budget,Light Meal,"Idli, Pulav, Roti and Sabzi"
Vegetarian,Salty,1 hour,Low budget,Heavy Meal,"Palak Paneer, Chana Masala, Aloo Gobhi"
Vegetarian,Salty,1 hour,Avg budget,Snacks,"Sandwitch,  Samosa, Dhokla, Vada pav"
Vegetarian,Salty,1 hour,Avg budget,Light Meal,"Pulao, Aloo Paratha, Baingan Bhartha, Malai Kofta"
Vegetarian,Salty,1 hour,Avg budget,Heavy Meal,"Palak Paneer, Chana Masala,, Paneer Butter Masala"
Vegetarian,Salty,1 hour,Money does not matter to me,Snacks,"Aloo Tikki, Samosa, Dhokla, Vada pav"
Vegetarian,Salty,1 hour,Money does not matter to me,Light Meal,"Idli, Upma, Masala Dosa, Roti and Sabzi"
Vegetarian,Salty,1 hour,Money does not matter to me,Heavy Meal,"Chana Masala, Aloo Gobhi, Paneer Butter Masala, Shahi Paneer"
Vegetarian,Umami,10Mins,Low budget,Snacks,"Aloo Tikki Chaat, Samosa Chaat, Bhel Puri, Dahi Vada, Dhokla"
Vegetarian,Umami,10Mins,Low budget,Light Meal,"Aloo Tikki Chaat, Samosa Chaat, Bhel Puri, Dahi Vada"
Vegetarian,Umami,10Mins,Low budget,Heavy Meal,"Palak Paneer, Chana Masala, Aloo Gobhi, Paneer Butter Masala"
Vegetarian,Umami,10Mins,Avg budget,Snacks,"Aloo Tikki Chaat, Samosa Chaat, Bhel Puri, Dahi Vada"
Vegetarian,Umami,10Mins,Avg budget,Light Meal,"Aloo Tikki Chaat, Samosa Chaat, Bhel Puri, Dahi Vada "
Vegetarian,Umami,10Mins,Avg budget,Heavy Meal,"Paneer Butter Masala, Aloo Methi, Chana Dal, Aloo Methi, Matar Paneer"
Vegetarian,Umami,10Mins,Money does not matter to me,Snacks,"Aloo Tikki Chaat, Samosa Chaat, Bhel Puri, Dahi Vada"
Vegetarian,Umami,10Mins,Money does not matter to me,Light Meal,"Aloo Tikki Chaat, Samosa Chaat, Bhel Puri, Dahi Vada "
Vegetarian,Umami,10Mins,Money does not matter to me,Heavy Meal,"Malai Kofta, Paneer Makhani, Vegetable Korma, Baingan Bharta"
Vegetarian,Umami,1520 Mins,Low budget,Snacks,"Aloo Tikki, Samosa, Dahi Vada, Dhokla"
Vegetarian,Umami,1520 Mins,Low budget,Light Meal,"Aloo Tikki Sandwich, Samosa Chaat, Dahi Aloo, Dhokla with chutney"
Vegetarian,Umami,1520 Mins,Low budget,Heavy Meal,"Palak Paneer, Chana Masala, Aloo Gobhi, Paneer Butter Masala "
Vegetarian,Umami,1520 Mins,Avg budget,Snacks,"Aloo Tikki, Samosa, Dhokla, Vada pav"
Vegetarian,Umami,1520 Mins,Avg budget,Light Meal,"Aloo Tikki Sandwich, Samosa Chaat, Dahi Aloo, Dhokla with chutney"
Vegetarian,Umami,1520 Mins,Avg budget,Heavy Meal,"Palak Paneer, Chana Masala, Aloo Gobhi, Paneer Butter Masala "
Vegetarian,Umami,1520 Mins,Money does not matter to me,Snacks,"Aloo Tikki, Samosa, Dhokla, Vada pav"
Vegetarian,Umami,1520 Mins,Money does not matter to me,Light Meal,"Aloo Tikki Sandwich, Samosa Chaat, Dahi Aloo, Dhokla with chutney"
Vegetarian,Umami,1520 Mins,Money does not matter to me,Heavy Meal,"Palak Paneer, Chana Masala, Aloo Gobhi, Paneer Butter Masala "
Vegetarian,Umami,30 mins,Low budget,Snacks,"Aloo Tikki, Samosa, Dhokla, Vada pav"
Vegetarian,Umami,30 mins,Low budget,Light Meal,"Aloo Tikki Sandwich, Samosa Chaat, Dahi Aloo, Dhokla with chutney"
Vegetarian,Umami,30 mins,Low budget,Heavy Meal,"Paneer Butter Masala, Aloo Methi, Chana Dal, Aloo Methi, Matar Paneer"
Vegetarian,Umami,30 mins,Avg budget,Snacks,"Aloo Tikki, Samosa, Dhokla, Vada pav"
Vegetarian,Umami,30 mins,Avg budget,Light Meal,"Aloo Tikki Sandwich, Samosa Chaat, Dahi Aloo, Dhokla with chutney"
Vegetarian,Umami,30 mins,Avg budget,Heavy Meal,"Paneer Butter Masala, Aloo Methi, Chana Dal, Aloo Methi, Matar Paneer"
Vegetarian,Umami,30 mins,Money does not matter to me,Snacks,"Samosa, Dhokla, Kachori, Aloo Tikki"
Vegetarian,Umami,30 mins,Money does not matter to me,Light Meal,"Aloo Tikki Sandwich, Samosa Chaat, Dahi Aloo, Dhokla with chutney"
Vegetarian,Umami,30 mins,Money does not matter to me,Heavy Meal,"Pulav, veg biryani Gujarati thali, Punjabi thali"
Vegetarian,Umami,1 hour,Low budget,Snacks,"Aloo Tikki, Samosa, Dhokla, Vada pav"
Vegetarian,Umami,1 hour,Low budget,Light Meal,"Idli, Dhosa, frankie, Sandwich"
Vegetarian,Umami,1 hour,Low budget,Heavy Meal,"Pav Bhaji, Chole bhature, Biryani, Pizza"
Vegetarian,Umami,1 hour,Avg budget,Snacks,"Aloo Tikki, Samosa, Dhokla, Vada pav"
Vegetarian,Umami,1 hour,Avg budget,Light Meal,"Idli, Dhosa, frankie Sandwich"
Vegetarian,Umami,1 hour,Avg budget,Heavy Meal,"Pav Bhaji, Chole bhature, Biryani, Pizza"
Vegetarian,Umami,1 hour,Money does not matter to me,Snacks,"Aloo Tikki, Samosa, Dhokla, Vada pav"
Vegetarian,Umami,1 hour,Money does not matter to me,Light Meal,"Idli, Dhosa, frankie, Sandwich"
Vegetarian,Umami,1 hour,Money does not matter to me,Heavy Meal,"Pulav, veg biryani Gujarati thali, Punjabi thali"
Vegetarian,Sweet,10Mins,Low budget,Snacks,"Badam Shake, Ras Malai, Kulfi, Rasgulla"
Vegetarian,Sweet,10Mins,Low budget,Light Meal,"Gulab Jamun, Jalebi, Ras Malai, Rasgulla"
Vegetarian,Sweet,10Mins,Low budget,Heavy Meal,"Falooda, Ras Malai, Kulfi, Rasgulla"
Vegetarian,Sweet,10Mins,Avg budget,Snacks,"Gulab Jamun, Jalebi, Ras Malai, Rasgulla"
Vegetarian,Sweet,10Mins,Avg budget,Light Meal,"Kulfi Falooda, Ras Malai, Kulfi, Cake, Gajar Ka Halwa"
Vegetarian,Sweet,10Mins,Avg budget,Heavy Meal,"Kulfi Falooda, Ras Malai, Dodh Pak"
Vegetarian,Sweet,10Mins,Money does not matter to me,Snacks,"Jalebi, Kulfi, Ras Malai, Browne"
Vegetarian,Sweet,10Mins,Money does not matter to me,Light Meal,"Ras Malai, Kulfi, Rasgulla"
Vegetarian,Sweet,10Mins,Money does not matter to me,Heavy Meal,"Cake , Ras Malai, Kulfi, Rasgulla"
Vegetarian,Sweet,1520 Mins,Low budget,Snacks,Ice Cream
Vegetarian,Sweet,1520 Mins,Low budget,Light Meal,"Poha, Sabudana Khichdi, Aloo Bhujia, Dosa"
Vegetarian,Sweet,1520 Mins,Low budget,Heavy Meal,"Chana Masala, Palak Paneer, Aloo Gobi, Malai Kofta"
Vegetarian,Sweet,1520 Mins,Avg budget,Snacks,"Samosa, Aloo Tikki Chaat, Pani Puri, Vada Pav"
Vegetarian,Sweet,1520 Mins,Avg budget,Light Meal,"Poha, Sabudana Khichdi, Aloo Bhujia, Idli"
Vegetarian,Sweet,1520 Mins,Avg budget,Heavy Meal,"Samosas, Chana Masala, Paneer Tikka, Aloo Gobi"
Vegetarian,Sweet,1520 Mins,Money does not matter to me,Snacks,"Pav Bhaji, Vada Pav, Samosas, Aloo Tikki"
Vegetarian,Sweet,1520 Mins,Money does not matter to me,Light Meal,"Sambar Rice, Idli Sambar, Masala Dosa, Uttapam"
Vegetarian,Sweet,1520 Mins,Money does not matter to me,Heavy Meal,"Palak Paneer, Chana Masala, Pulao, Biryani"
Vegetarian,Sweet,30 mins,Low budget,Snacks,"Badam Shake, Ras Malai, Kulfi, Rasgulla"
Vegetarian,Sweet,30 mins,Low budget,Light Meal,"Gulab Jamun, Jalebi, Ras Malai, Rasgulla"
Vegetarian,Sweet,30 mins,Low budget,Heavy Meal,"Falooda, Ras Malai, Kulfi, Rasgulla"
Vegetarian,Sweet,30 mins,Avg budget,Snacks,"Gulab Jamun, Jalebi, Ras Malai, Rasgulla"
Vegetarian,Sweet,30 mins,Avg budget,Light Meal,"Kulfi Falooda, Ras Malai, Kulfi, Cake"
Vegetarian,Sweet,30 mins,Avg budget,Heavy Meal,"Kulfi Falooda, Ras Malai, Kulfi, Rasgulla"
Vegetarian,Sweet,30 mins,Money does not matter to me,Snacks,"Gulab Jamun, Jalebi, Kulfi, Ras Malai"
Vegetarian,Sweet,30 mins,Money does not matter to me,Light Meal,"Kulfi Falooda, Ras Malai, Kulfi, Rasgulla"
Vegetarian,Sweet,30 mins,Money does not matter to me,Heavy Meal,"Cake , Ras Malai, Kulfi, Rasgulla"
Vegetarian,Sweet,1 hour,Low budget,Snacks,"Badam Shake, Ras Malai, Kulfi, Rasgulla"
Vegetarian,Sweet,1 hour,Low budget,Light Meal,"Gulab Jamun, Jalebi, Ras Malai, Rasgulla"
Vegetarian,Sweet,1 hour,Low budget,Heavy Meal,"Falooda, Ras Malai, Kulfi, Rasgulla"
Vegetarian,Sweet,1 hour,Avg budget,Snacks,"Gulab Jamun, Jalebi, Ras Malai, Rasgulla"
Vegetarian,Sweet,1 hour,Avg budget,Light Meal,"Kulfi Falooda, Ras Malai, Kulfi, Cake"
Vegetarian,Sweet,1 hour,Avg budget,Heavy Meal,"Kulfi Falooda, Ras Malai, Kulfi, Rasgulla"
Vegetarian,Sweet,1 hour,Money does not matter to me,Snacks,"Gulab Jamun, Jalebi, Kulfi, Ras Malai"
Vegetarian,Sweet,1 hour,Money does not matter to me,Light Meal,"Kulfi Falooda, Ras Malai, Kulfi, Rasgulla"
Vegetarian,Sweet,1 hour,Money does not matter to me,Heavy Meal,"Cake , Ras Malai, Kulfi, Rasgulla"
Vegetarian,Spicy,10Mins,Low budget,Snacks,"Aloo Tikki Chaat, Samosa, Pani Puri, Masala Vada"
Vegetarian,Spicy,10Mins,Low budget,Light Meal,"Poha, Sabudana Khichdi, Aloo Bhujia, Dosa"
Vegetarian,Spicy,10Mins,Low budget,Heavy Meal,"Chana Masala, Palak Paneer, Aloo Gobi, Malai Kofta"
Vegetarian,Spicy,10Mins,Avg budget,Snacks,"Samosa, Aloo Tikki Chaat, Pani Puri, Vada Pav"
Vegetarian,Spicy,10Mins,Avg budget,Light Meal,"Poha, Sabudana Khichdi, Aloo Bhujia, Idli"
Vegetarian,Spicy,10Mins,Avg budget,Heavy Meal,"Samosas, Chana Masala, Paneer Tikka, Aloo Gobi"
Vegetarian,Spicy,10Mins,Money does not matter to me,Snacks,"Pav Bhaji, Vada Pav, Samosas, Aloo Tikki"
Vegetarian,Spicy,10Mins,Money does not matter to me,Light Meal,"Sambar Rice, Idli Sambar, Masala Dosa, Uttapam"
Vegetarian,Spicy,10Mins,Money does not matter to me,Heavy Meal,"Palak Paneer, Chana Masala, Pulao, Biryani"
Vegetarian,Spicy,1520 Mins,Low budget,Snacks,"Samosas, Aloo Tikki, Pani Puri, Dhokla"
Vegetarian,Spicy,1520 Mins,Low budget,Light Meal,"Aloo Gobi, Chana Masala, Sambar Rice, Idli Sambar"
Vegetarian,Spicy,1520 Mins,Low budget,Heavy Meal,"Palak Paneer, Chana Masala, Pulao, Biryani"
Vegetarian,Spicy,1520 Mins,Avg budget,Snacks,"Samosas, Aloo Tikki, Pani Puri, Dhokla"
Vegetarian,Spicy,1520 Mins,Avg budget,Light Meal,"Aloo Gobi, Chana Masala, Sambar Rice, Idli Sambar"
Vegetarian,Spicy,1520 Mins,Avg budget,Heavy Meal,"Palak Paneer, Chana Masala, Pulao, Biryani"
Vegetarian,Spicy,1520 Mins,Money does not matter to me,Snacks,"Samosas, Aloo Tikki, Pani Puri, Dhokla"
Vegetarian,Spicy,1520 Mins,Money does not matter to me,Light Meal,"Aloo Gobi, Chana Masala, Sambar Rice, Idli"
Vegetarian,Spicy,1520 Mins,Money does not matter to me,Heavy Meal," Palak Paneer, Chana Masala, Baingan Bharta, Aloo Gobi"
Vegetarian,Spicy,30 mins,Low budget,Snacks,"Samosa, Aloo Tikki, Dhokla, Bhel Puri"
Vegetarian,Spicy,30 mins,Low budget,Light Meal,"Dahi Vada, Aloo Tikki Chaat, Aloo Dhokla, Medu Vada"
Vegetarian,Spicy,30 mins,Low budget,Heavy Meal,"Vada Pav, Aloo Samosa, Aloo Kachori, Idli Sambar"
Vegetarian,Spicy,30 mins,Avg budget,Snacks,"Masala Dosa, Paneer Stuffed Dosa, Paneer Uttapam, Paneer Masala Dosa"
Vegetarian,Spicy,30 mins,Avg budget,Light Meal,"Paneer Tikka Roll, Paneer Kati Roll, Paneer Frankie, Paneer wrap"
Vegetarian,Spicy,30 mins,Avg budget,Heavy Meal,"Paneer Kathi Roll, Paneer Tawa Masala, Paneer Butter Masala, Paneer Korma"
Vegetarian,Spicy,30 mins,Money does not matter to me,Snacks,"Dahi Bhalla, Aloo Tikki Chaat, Samosa Chaat, Aloo Chaat"
Vegetarian,Spicy,30 mins,Money does not matter to me,Light Meal," Sandwich, Pizza, Paneer Burger, Paneer Tikka Wrap"
Vegetarian,Spicy,30 mins,Money does not matter to me,Heavy Meal,"Paneer Chilly, Paneer 65, Manchurian, Paneer Tikka Sizzler"
Vegetarian,Spicy,1 hour,Low budget,Snacks,"Dhokla, Khandvi, Thepla, Sambar Vada"
Vegetarian,Spicy,1 hour,Low budget,Light Meal,"Aloo Tikki Chole, Samosa Chole, Pav Bhaji, Aloo Puri"
Vegetarian,Spicy,1 hour,Low budget,Heavy Meal,"Paneer Butter Masala, Poha, Sabudana Vada, Aloo Tikki"
Vegetarian,Spicy,1 hour,Avg budget,Snacks,"Paneer Tikka Roll, Paneer Kati Roll, Paneer Frankie, Paneer wrap"
Vegetarian,Spicy,1 hour,Avg budget,Light Meal,"Masala Dosa, Paneer Stuffed Dosa, Paneer Uttapam, Paneer Masala Dosa"
Vegetarian,Spicy,1 hour,Avg budget,Heavy Meal,"Paneer Tikka, Paneer Pakoda, Paneer Tikka Masala, Paneer Butter Masala"
Vegetarian,Spicy,1 hour,Money does not matter to me,Snacks,"Pulao, Fried Rice, Noodles, Pasta"
Vegetarian,Spicy,1 hour,Money does not matter to me,Light Meal,"Biryani,Kofta Curry, Paneer Pasanda, Paneer Korma"
Vegetarian,Spicy,1 hour,Money does not matter to me,Heavy Meal,"Paneer Makhani, Paneer Butter Masala, Paneer Lababdar, Paneer Tikka Masala"
Vegetarian,Sour,10Mins,Low budget,Snacks,"Bhel Puri, Aloo Chaat, Aloo Tikki Chaat, Papri Chaat"
Vegetarian,Sour,10Mins,Low budget,Light Meal,"Idli, Medu Vada, Dahi Vada, Pani Puri"
Vegetarian,Sour,10Mins,Low budget,Heavy Meal,"Kachori, Samosa, Aloo Tikki, Aloo Bhaji"
Vegetarian,Sour,10Mins,Avg budget,Snacks," Bhel Puri with tamarind chutney, Aloo Tikki Chaat, Aloo Dhokla, Medu Vada with tamarind chutney"
Vegetarian,Sour,10Mins,Avg budget,Light Meal,"Pani Puri, Bhel Puri, Dahi puri, Dhokla with tamarind chutney"
Vegetarian,Sour,10Mins,Avg budget,Heavy Meal," Kachori, Samosa, Aloo Tikki, Aloo Bindi"
Vegetarian,Sour,10Mins,Money does not matter to me,Snacks,"Dahi Bhalla, Dahi Puri, Dahi Kachori, Dahi Samosa"
Vegetarian,Sour,10Mins,Money does not matter to me,Light Meal,"Pulao,Biryani, Lemon Fried Rice, Noodles"
Vegetarian,Sour,10Mins,Money does not matter to me,Heavy Meal,"Lemon Rice, Idli,  Dosa,  Uttapam"
Vegetarian,Sour,1520 Mins,Low budget,Snacks,"Tamarind Rice, Tamarind Idli,Dosa, Uttapam"
Vegetarian,Sour,1520 Mins,Low budget,Light Meal,"Idli, Dosa, Uttapam, Vada"
Vegetarian,Sour,1520 Mins,Low budget,Heavy Meal,"Paneer Tikka, Tandoori Chicken, Biryani, Butter Chicken"
Vegetarian,Sour,1520 Mins,Avg budget,Snacks,"Sabudana Khichadi, Upma, Medu Vada, Dhokla"
Vegetarian,Sour,1520 Mins,Avg budget,Light Meal,"Chole Bhature, Aloo Tikki, Samosa, Kachori"
Vegetarian,Sour,1520 Mins,Avg budget,Heavy Meal,"Amritsari Chole Kulcha, Paneer Butter Masala, Aloo Gobi, Palak Paneer"
Vegetarian,Sour,1520 Mins,Money does not matter to me,Snacks,"Dum Aloo, Shahi Paneer, Malai Kofta, Baingan Bhartha"
Vegetarian,Sour,1520 Mins,Money does not matter to me,Light Meal,"Vegetable Biryani, Pulao, Navratan Korma, Kadai Paneer"
Vegetarian,Sour,1520 Mins,Money does not matter to me,Heavy Meal,"Mix Veg Curry, Aloo Matar, Baingan Bharta, Chana Masala"
Vegetarian,Sour,30 mins,Low budget,Snacks,"Dahi Vada, Bhel Puri, Pani Puri, Aloo Tikki"
Vegetarian,Sour,30 mins,Low budget,Light Meal,"Masala Vada, Idli Sambar, Uttapam, Medu Vada"
Vegetarian,Sour,30 mins,Low budget,Heavy Meal,"Soup, Aloo Chaat, Mysoure Masala Dosa"
Vegetarian,Sour,30 mins,Avg budget,Snacks,"Eggs Rice, Bhel "
Vegetarian,Sour,30 mins,Avg budget,Light Meal,"Masala Dosa, Stuff Gobi Paratha"
Vegetarian,Sour,30 mins,Avg budget,Heavy Meal,"Veg Sandwitch, Nachos with Dip"
Vegetarian,Sour,30 mins,Money does not matter to me,Snacks,"Boil , Suff Sanditch "
Vegetarian,Sour,30 mins,Money does not matter to me,Light Meal,Dabeli 
Vegetarian,Sour,30 mins,Money does not matter to me,Heavy Meal,"Rava Dosa , Gourmet Pizza"
Vegetarian,Sour,1 hour,Low budget,Snacks,paya soup
Vegetarian,Sour,1 hour,Low budget,Light Meal,momos
Vegetarian,Sour,1 hour,Low budget,Heavy Meal,"Aloo Tikki, Mac Maharaja Burger"
Vegetarian,Sour,1 hour,Avg budget,Snacks,Dal Vada
Vegetarian,Sour,1 hour,Avg budget,Light Meal,"Pav Bhaji, Vada Pav, Samosas, Aloo Tikki"
Vegetarian,Sour,1 hour,Avg budget,Heavy Meal,Paneer Pasanda
Vegetarian,Sour,1 hour,Money does not matter to me,Snacks,Muska Bun
Vegetarian,Sour,1 hour,Money does not matter to me,Light Meal,Cheese Chill Chips
Vegetarian,Sour,1 hour,Money does not matter to me,Heavy Meal,"Palak Paneer, Chana Masala, Pulao, Biryani"
nonveg,Salty,10Mins,Low budget,Snacks,Chicken Wings
nonveg,Salty,10Mins,Low budget,Light Meal,Fried Chicken
nonveg,Salty,10Mins,Low budget,Heavy Meal,Chicken 65
nonveg,Salty,10Mins,Avg budget,Snacks,Fish Fry
nonveg,Salty,10Mins,Avg budget,Light Meal,"Mutton Kema, Chicken Soorma"
nonveg,Salty,10Mins,Avg budget,Heavy Meal,Shushi
nonveg,Salty,10Mins,Money does not matter to me,Snacks,"Fried Chicken Kabab, Non Veg Hot Dog"
nonveg,Salty,10Mins,Money does not matter to me,Light Meal,"Steak Tartare, Chicken Kurkure"
nonveg,Salty,10Mins,Money does not matter to me,Heavy Meal,Tandoori Chicken 
nonveg,Salty,1520 Mins,Low budget,Snacks,Fish 65
nonveg,Salty,1520 Mins,Low budget,Light Meal,Tandoori Kabab 
nonveg,Salty,1520 Mins,Low budget,Heavy Meal,Bombil fry
nonveg,Salty,1520 Mins,Avg budget,Snacks,Fish and Chips
nonveg,Salty,1520 Mins,Avg budget,Light Meal,Crispy Fried Calamari
nonveg,Salty,1520 Mins,Avg budget,Heavy Meal,"chicken biryani, chicken tikka masala, chicken fry, butter chicken"
nonveg,Salty,1520 Mins,Money does not matter to me,Snacks,"Mutton Marag, Chicken Leg piece"
nonveg,Salty,1520 Mins,Money does not matter to me,Light Meal,"Hot Chicken Tandoor, Muglai Do Pyaza"
nonveg,Salty,1520 Mins,Money does not matter to me,Heavy Meal,Chicken Koorma
nonveg,Salty,30 mins,Low budget,Snacks,Fried Chicken Sandwich
nonveg,Salty,30 mins,Low budget,Light Meal,"Masala Fish Curry , Chicken Butter Masala"
nonveg,Salty,30 mins,Low budget,Heavy Meal,Fish Tikka Masala
nonveg,Salty,30 mins,Avg budget,Snacks,Jambalaya balls
nonveg,Salty,30 mins,Avg budget,Light Meal,"Butter Chicken, Chilli Fish"
nonveg,Salty,30 mins,Avg budget,Heavy Meal,Kolim Jawla
nonveg,Salty,30 mins,Money does not matter to me,Snacks,Maach Jhol
nonveg,Salty,30 mins,Money does not matter to me,Light Meal,"Chicken Zalzala, Mutton Rara"
nonveg,Salty,30 mins,Money does not matter to me,Heavy Meal,"Fish Pakoda, Chicken Salad, Chicken Hot Dog"
nonveg,Salty,1 hour,Low budget,Snacks,Tangy Chicken Wings
nonveg,Salty,1 hour,Low budget,Light Meal,"Meatballs, Deviled Fish Fry"
nonveg,Salty,1 hour,Low budget,Heavy Meal,"Mini chicken and waffles, Fish Curry Fry"
nonveg,Salty,1 hour,Avg budget,Snacks,Congura Chicken Curry
nonveg,Salty,1 hour,Avg budget,Light Meal,Chettinad Style Chicken Roast Recipe
nonveg,Salty,1 hour,Avg budget,Heavy Meal,Spicy Seafood Stew Casserole With Tomatoes And Lime 
nonveg,Salty,1 hour,Money does not matter to me,Snacks,Chicken Shawarma 
nonveg,Salty,1 hour,Money does not matter to me,Light Meal,Indo Chinese Crispy Chicken Chilli 
nonveg,Salty,1 hour,Money does not matter to me,Heavy Meal,Aar Macher Jhol - Bengali Fish Curry
nonveg,Umami,10Mins,Low budget,Snacks,Fried Wontons
nonveg,Umami,10Mins,Low budget,Light Meal,"Fried dumplings, Fried spring rolls"
nonveg,Umami,10Mins,Low budget,Heavy Meal,Fried chicken with Peri Peri Souce
nonveg,Umami,10Mins,Avg budget,Snacks,Fried chicken nuggets
nonveg,Umami,10Mins,Avg budget,Light Meal,Fried calamari
nonveg,Umami,10Mins,Avg budget,Heavy Meal,Fried shrimp
nonveg,Umami,10Mins,Money does not matter to me,Snacks,"Masala Chicken Nachos , Chicken Wings"
nonveg,Umami,10Mins,Money does not matter to me,Light Meal,"Hot Chicken Soup , Chicken Noodles"
nonveg,Umami,10Mins,Money does not matter to me,Heavy Meal,"Fish Fried Rice, Fish Fried Samosa"
nonveg,Umami,1520 Mins,Low budget,Snacks,Kyat 
nonveg,Umami,1520 Mins,Low budget,Light Meal,Fish Orly
nonveg,Umami,1520 Mins,Low budget,Heavy Meal,Galho
nonveg,Umami,1520 Mins,Avg budget,Snacks,"Chicken Pizza , Fish Pizza"
nonveg,Umami,1520 Mins,Avg budget,Light Meal,"Chicken Curry, Appam and Crab Masala"
nonveg,Umami,1520 Mins,Avg budget,Heavy Meal,Dry Fish Curry
nonveg,Umami,1520 Mins,Money does not matter to me,Snacks,"Fish Roast, Chicken Chips"
nonveg,Umami,1520 Mins,Money does not matter to me,Light Meal,Finger Prawans
nonveg,Umami,1520 Mins,Money does not matter to me,Heavy Meal,"Fish in shredded coconut, Fish Mappas"
nonveg,Umami,30 mins,Low budget,Snacks,"Fish Milee, Golden Fried Prawns "
nonveg,Umami,30 mins,Low budget,Light Meal,Grilled Chicken
nonveg,Umami,30 mins,Low budget,Heavy Meal,"Kappa and Fish Fry, Chicken Noodles"
nonveg,Umami,30 mins,Avg budget,Snacks,"Chicken Pulav, Fish Tikka kabab"
nonveg,Umami,30 mins,Avg budget,Light Meal,Mutton Curry
nonveg,Umami,30 mins,Avg budget,Heavy Meal,Chicken Chettinad
nonveg,Umami,30 mins,Money does not matter to me,Snacks,"Sarson Machhi, Chicken Wings"
nonveg,Umami,30 mins,Money does not matter to me,Light Meal,"Fried soft shell crab, Chicken chilli Dry"
nonveg,Umami,30 mins,Money does not matter to me,Heavy Meal,"Hot Sour Fish Soup, Chicken Biriyani"
nonveg,Umami,1 hour,Low budget,Snacks,Masala Fish Furry
nonveg,Umami,1 hour,Low budget,Light Meal,Crispy pork belly
nonveg,Umami,1 hour,Low budget,Heavy Meal,Butter Chicken
nonveg,Umami,1 hour,Avg budget,Snacks,"Chicken Fried Kabab, Burra Kabab"
nonveg,Umami,1 hour,Avg budget,Light Meal,"Matka Chicken, Fish Whole Fry"
nonveg,Umami,1 hour,Avg budget,Heavy Meal,Mughal Mutton Curry
nonveg,Umami,1 hour,Money does not matter to me,Snacks,Fish Soup
nonveg,Umami,1 hour,Money does not matter to me,Light Meal,Tunde Kebab
nonveg,Umami,1 hour,Money does not matter to me,Heavy Meal,"Bheja Masala, Fried Chicken"
nonveg,Sweet,10Mins,Low budget,Snacks,"Bhurra Chicken, Baked chicken empanadas"
nonveg,Sweet,10Mins,Low budget,Light Meal,Malabari Fish Roast
nonveg,Sweet,10Mins,Low budget,Heavy Meal,"Andra Shahi Chicken , Malabar Fish Curry"
nonveg,Sweet,10Mins,Avg budget,Snacks,"Sweet chili chicken drumettes, Pork dumplings"
nonveg,Sweet,10Mins,Avg budget,Light Meal,"Bacon-wrapped chicken bites, Teriyaki chicken skewers"
nonveg,Sweet,10Mins,Avg budget,Heavy Meal,"Lamb bhuna, Mutton boti kebab"
nonveg,Sweet,10Mins,Money does not matter to me,Snacks,"Chicken kofta curry, Chicken jalfrezi"
nonveg,Sweet,10Mins,Money does not matter to me,Light Meal,"Prawn masala, Chicken tikka biryani"
nonveg,Sweet,10Mins,Money does not matter to me,Heavy Meal,"Prawn fry with herbs, Chicken dosa"
nonveg,Sweet,1520 Mins,Low budget,Snacks,"Chicken Pizza, Prawn fry"
nonveg,Sweet,1520 Mins,Low budget,Light Meal,"Lamb saag, Honey garlic pork belly."
nonveg,Sweet,1520 Mins,Low budget,Heavy Meal,"Tandoori Chicken, Masala Murg Muglai"
nonveg,Sweet,1520 Mins,Avg budget,Snacks,"Lava Burger , Chicken Tikka Roll"
nonveg,Sweet,1520 Mins,Avg budget,Light Meal,American Grilled Chicken
nonveg,Sweet,1520 Mins,Avg budget,Heavy Meal,"Turkish Chicken Gozleme, Masala Mugri Kabab"
nonveg,Sweet,1520 Mins,Money does not matter to me,Snacks,"Mutton Curry Chap, Chicken Roll"
nonveg,Sweet,1520 Mins,Money does not matter to me,Light Meal,"Mutton Rara, Tantoori Fried Goti"
nonveg,Sweet,1520 Mins,Money does not matter to me,Heavy Meal,"Spicy Chicken DahiWala, Butter Chicken"
nonveg,Sweet,30 mins,Low budget,Snacks,Chicken Momos
nonveg,Sweet,30 mins,Low budget,Light Meal,"Non Veg Noodles, Chicken Fried Rice"
nonveg,Sweet,30 mins,Low budget,Heavy Meal,"Afghan Murg, Chicken Shormaa"
nonveg,Sweet,30 mins,Avg budget,Snacks,"Masala Grilled Murgi, Orange chicken"
nonveg,Sweet,30 mins,Avg budget,Light Meal,"Honey mustard chicken, Maple glazed bacon, Candied salmon"
nonveg,Sweet,30 mins,Avg budget,Heavy Meal,"Sweet and spicy sausage, Brown sugar glazed ribs"
nonveg,Sweet,30 mins,Money does not matter to me,Snacks,"Pineapple glazed ham, Honey glazed quail"
nonveg,Sweet,30 mins,Money does not matter to me,Light Meal,"Chicken King Kabab, Maharani Fish"
nonveg,Sweet,30 mins,Money does not matter to me,Heavy Meal," Apricot glazed chicken wings, Cheese Chicken Tikka "
nonveg,Sweet,1 hour,Low budget,Snacks,"Tomato Chicken Roast, Indian Prawans Pakora "
nonveg,Sweet,1 hour,Low budget,Light Meal,Amritsari Fish
nonveg,Sweet,1 hour,Low budget,Heavy Meal,"Ambur Star Biriyani, Chicken Burger"
nonveg,Sweet,1 hour,Avg budget,Snacks,"Andra Chilli chicken, Chicken Curry"
nonveg,Sweet,1 hour,Avg budget,Light Meal,"Chettinad Dry Pepper Chicken, Baked Fish"
nonveg,Sweet,1 hour,Avg budget,Heavy Meal,"Apollo Fish, Chicken Butter Masala"
nonveg,Sweet,1 hour,Money does not matter to me,Snacks,"Kankada Jhola , Poora Haah"
nonveg,Sweet,1 hour,Money does not matter to me,Light Meal,"Keema Matar , Haleem"
nonveg,Sweet,1 hour,Money does not matter to me,Heavy Meal,"Murgh Musallam , Laal Maas"
nonveg,Spicy,10Mins,Low budget,Snacks,"Mutton Soup, Royal Fish Biriyani"
nonveg,Spicy,10Mins,Low budget,Light Meal,"Prawns Chilly Fry, Masala Murgi"
nonveg,Spicy,10Mins,Low budget,Heavy Meal,Spicy Chicken bites
nonveg,Spicy,10Mins,Avg budget,Snacks,BoneLess Chicken
nonveg,Spicy,10Mins,Avg budget,Light Meal,"Fish Rolls, Non veg Wings"
nonveg,Spicy,10Mins,Avg budget,Heavy Meal,Rista - Chicken Balls
nonveg,Spicy,10Mins,Money does not matter to me,Snacks,"Bone Less Chicken Wings, Chicken Franki"
nonveg,Spicy,10Mins,Money does not matter to me,Light Meal,"Steamed Garlic Prawns ,  Smoked Tandoori Chicken "
nonveg,Spicy,10Mins,Money does not matter to me,Heavy Meal,Goan Style Frango Vera
nonveg,Spicy,1520 Mins,Low budget,Snacks,Parsi Chicken Cutlet
nonveg,Spicy,1520 Mins,Low budget,Light Meal,"Hariyali Mutton Curry , Mutton Slew"
nonveg,Spicy,1520 Mins,Low budget,Heavy Meal,Chicken Biriyani
nonveg,Spicy,1520 Mins,Avg budget,Snacks,"Chicken Pasta , Shami Kabab"
nonveg,Spicy,1520 Mins,Avg budget,Light Meal,"Chicken Tikka Kabab , Fish Roll with Kabab"
nonveg,Spicy,1520 Mins,Avg budget,Heavy Meal,"Vegitable Fish Curry, Machli ka halwa"
nonveg,Spicy,1520 Mins,Money does not matter to me,Snacks,"Masala Murgi , Afghan Boti Kabab"
nonveg,Spicy,1520 Mins,Money does not matter to me,Light Meal,"Meat Masala, Murgi Handi"
nonveg,Spicy,1520 Mins,Money does not matter to me,Heavy Meal,"Fish curry, Chicken Kurma"
nonveg,Spicy,30 mins,Low budget,Snacks,"Chicken Majestic, Chicken Manchurian"
nonveg,Spicy,30 mins,Low budget,Light Meal,"Spicy Mutton Korma , Spicy Butter Chicken"
nonveg,Spicy,30 mins,Low budget,Heavy Meal,"Spicy Fish Fry, Spicy Butter Chicken"
nonveg,Spicy,30 mins,Avg budget,Snacks,"Fried Fish Furry , Green Chicken"
nonveg,Spicy,30 mins,Avg budget,Light Meal,Tandoori Lamb Chops
nonveg,Spicy,30 mins,Avg budget,Heavy Meal,"Malabar Fish Biryani, Keema Samosa with Yoghurt Dip"
nonveg,Spicy,30 mins,Money does not matter to me,Snacks,Curried Parmesan Fish Fingers
nonveg,Spicy,30 mins,Money does not matter to me,Light Meal,Goan Prawn Curry With Raw Mango
nonveg,Spicy,30 mins,Money does not matter to me,Heavy Meal,"Nihari Gosht, Fish Curry"
nonveg,Spicy,1 hour,Low budget,Snacks,"Hyderabadi Chicken Fry, Crack Chicken Wings"
nonveg,Spicy,1 hour,Low budget,Light Meal,Hyderabadi Keema
nonveg,Spicy,1 hour,Low budget,Heavy Meal,"Butter Chicken, Chilli Fish"
nonveg,Spicy,1 hour,Avg budget,Snacks,"Korean Corn Meat Noodles, Chicken Nuggets"
nonveg,Spicy,1 hour,Avg budget,Light Meal,"Bengali Kosha Mangsho, Chicken Habibi Shawarma"
nonveg,Spicy,1 hour,Avg budget,Heavy Meal,"Pork Peralan , Prawns Appan"
nonveg,Spicy,1 hour,Money does not matter to me,Snacks,Prawns Chilly Fry
nonveg,Spicy,1 hour,Money does not matter to me,Light Meal,"Mutton Zafrani, Chicken Tawa Masala"
nonveg,Spicy,1 hour,Money does not matter to me,Heavy Meal,"Champaram Mutton , Spicy Huna Chicken"
nonveg,Sour,10Mins,Low budget,Snacks,"Mutton Kebab, Chicago Deep Fish"
nonveg,Sour,10Mins,Low budget,Light Meal,Gulati Butter Chicken
nonveg,Sour,10Mins,Low budget,Heavy Meal,"Meat Pizza, Prawns Sticks"
nonveg,Sour,10Mins,Avg budget,Snacks,Kulhad Mutton
nonveg,Sour,10Mins,Avg budget,Light Meal,Tandoori Chicken First
nonveg,Sour,10Mins,Avg budget,Heavy Meal,"Chicken 65, Masala Murgi"
nonveg,Sour,10Mins,Money does not matter to me,Snacks,"Curried Parmesan Fish Fingers , Gold Chicken Burger"
nonveg,Sour,10Mins,Money does not matter to me,Light Meal,"Fish Amritsari, Chicken Tikka"
nonveg,Sour,10Mins,Money does not matter to me,Heavy Meal,"Tandoori Chicken, Masala Murg Muglai"
nonveg,Sour,1520 Mins,Low budget,Snacks, Fish Tenga
nonveg,Sour,1520 Mins,Low budget,Light Meal,"Chicken Noodles, Chicken Scezwan Rice"
nonveg,Sour,1520 Mins,Low budget,Heavy Meal,"Iromba, Pork Vindaloo"
nonveg,Sour,1520 Mins,Avg budget,Snacks,Chicken Nuggets
nonveg,Sour,1520 Mins,Avg budget,Light Meal,"Kadai Chicken, Butter Chicken"
nonveg,Sour,1520 Mins,Avg budget,Heavy Meal,"Afgani Momo, Cheese Chicken Pizza"
nonveg,Sour,1520 Mins,Money does not matter to me,Snacks,"Bhuna Kabab, Chicken Fried Moms"
nonveg,Sour,1520 Mins,Money does not matter to me,Light Meal,"Lal Chicken, Bourbon glazed pork belly"
nonveg,Sour,1520 Mins,Money does not matter to me,Heavy Meal,"Chicken tikka masala, Fish fry"
nonveg,Sour,30 mins,Low budget,Snacks,"Fish fry , Prawn biryani"
nonveg,Sour,30 mins,Low budget,Light Meal,"Mutton dum biryani, Chicken kofta curry"
nonveg,Sour,30 mins,Low budget,Heavy Meal,Lamb shank curry
nonveg,Sour,30 mins,Avg budget,Snacks,Chicken Kolhapuri
nonveg,Sour,30 mins,Avg budget,Light Meal,"Wazwan, Chicken Leg Piece"
nonveg,Sour,30 mins,Avg budget,Heavy Meal,"Sarson Machhi, Chicken Wings"
nonveg,Sour,30 mins,Money does not matter to me,Snacks,Paya Soup
nonveg,Sour,30 mins,Money does not matter to me,Light Meal,"Tunde Kebab, Chicken Momos"
nonveg,Sour,30 mins,Money does not matter to me,Heavy Meal,"Bheja Masala, Fried Chicken"
nonveg,Sour,1 hour,Low budget,Snacks,Orange chicken
nonveg,Sour,1 hour,Low budget,Light Meal,"Rogan Josh, Chicken Tikka"
nonveg,Sour,1 hour,Low budget,Heavy Meal,"Kankada Jhola, Poora Haah"
nonveg,Sour,1 hour,Avg budget,Snacks,"Keema Matar, Kothu Parotta"
nonveg,Sour,1 hour,Avg budget,Light Meal,Tomato Chicken Roast
nonveg,Sour,1 hour,Avg budget,Heavy Meal," Asian Chicken Curry in Peanut Sauce, Mint Chicken Curry"
nonveg,Sour,1 hour,Money does not matter to me,Snacks,"Grilled Chicken, Grilled Teriyaki Chicken"
nonveg,Sour,1 hour,Money does not matter to me,Light Meal,Healthy Oven Baked Chicken
nonveg,Sour,1 hour,Money does not matter to me,Heavy Meal,"Butter Chicken, Chilli Fish"
eggbased,Salty,10Mins,Low budget,Snacks,"Scrambled eggs, Fried eggs"
eggbased,Salty,10Mins,Low budget,Light Meal,"Boiled eggs, Omlett"
eggbased,Salty,10Mins,Low budget,Heavy Meal,"Boil Tikka Curry , Egg Muglai"
eggbased,Salty,10Mins,Avg budget,Snacks,"Egg Sandwitch, Boil Eggs"
eggbased,Salty,10Mins,Avg budget,Light Meal,"Egg Masala , Egg Butter Masala"
eggbased,Salty,10Mins,Avg budget,Heavy Meal,"Spinatch Omlett, Cheese Omlette"
eggbased,Salty,10Mins,Money does not matter to me,Snacks,"Egg Toast, Egg Roll"
eggbased,Salty,10Mins,Money does not matter to me,Light Meal,"Egg Pulav, Egg Biriyani"
eggbased,Salty,10Mins,Money does not matter to me,Heavy Meal,"Eggs Rice, Egg-Bhel, Egg Gotalala"
eggbased,Salty,1520 Mins,Low budget,Snacks,"Crush Bhurji, Boil Tikka Crush"
eggbased,Salty,1520 Mins,Low budget,Light Meal,"Egg Cheese Momos, Egg Tawa Fry"
eggbased,Salty,1520 Mins,Low budget,Heavy Meal,"Egg Fried Rice, Egg Noodles"
eggbased,Salty,1520 Mins,Avg budget,Snacks,"Egg Bhurji, Egg Bonda"
eggbased,Salty,1520 Mins,Avg budget,Light Meal,"South Indian Egg Curry, Masala Egg Fry"
eggbased,Salty,1520 Mins,Avg budget,Heavy Meal,"Half Fry, Aloo Andey"
eggbased,Salty,1520 Mins,Money does not matter to me,Snacks,"Egg Soup, Egg Spinech Salad"
eggbased,Salty,1520 Mins,Money does not matter to me,Light Meal,"Oats Egg Omlet, Hyderabadi Eggs"
eggbased,Salty,1520 Mins,Money does not matter to me,Heavy Meal,"Hyderabadi Egg Biriyani, Boiled Egg Fry"
eggbased,Salty,30 mins,Low budget,Snacks,"Egg Keema, Egg Shurma "
eggbased,Salty,30 mins,Low budget,Light Meal,"Egg Meyo Sandwitch, Oatmeal With Egg"
eggbased,Salty,30 mins,Low budget,Heavy Meal,"Egg Pulusu, Egg Roast"
eggbased,Salty,30 mins,Avg budget,Snacks,"Egg Salad , French Toast with Egg"
eggbased,Salty,30 mins,Avg budget,Light Meal,"Egg Sandwitch, Mushroom Omlet"
eggbased,Salty,30 mins,Avg budget,Heavy Meal,"Tomato Egg Curry, Quinoa Fired Rice "
eggbased,Salty,30 mins,Money does not matter to me,Snacks,"Egg drop soup, Egg custard tart"
eggbased,Salty,30 mins,Money does not matter to me,Light Meal,"Easter eggs, Egg kofta"
eggbased,Salty,30 mins,Money does not matter to me,Heavy Meal,"Egg kofta curry, Egg drop parotta"
eggbased,Salty,1 hour,Low budget,Snacks,"Anda bonda soup, Anda pakoda"
eggbased,Salty,1 hour,Low budget,Light Meal,"Anda vada, Anda upma"
eggbased,Salty,1 hour,Low budget,Heavy Meal,"Anda kachori, Anda rolls"
eggbased,Salty,1 hour,Avg budget,Snacks,Biryani Dry Masala
eggbased,Salty,1 hour,Avg budget,Light Meal,"Mangalorean Egg Curry, Egg Vindaloo"
eggbased,Salty,1 hour,Avg budget,Heavy Meal," Egg Butter Masala, Egg Boil Crush Bhurji"
eggbased,Salty,1 hour,Money does not matter to me,Snacks,"Omelet Curry, Omlett Crushed"
eggbased,Salty,1 hour,Money does not matter to me,Light Meal,"Kerala Egg Roast,  Shahi Anda Masala"
eggbased,Salty,1 hour,Money does not matter to me,Heavy Meal,"Methi Anda, Egg Royal Biriyani"
eggbased,Umami,10Mins,Low budget,Snacks,Egg Chaat
eggbased,Umami,10Mins,Low budget,Light Meal,"Egg and Garlic Fried Rice,Cheese Egg Omlet"
eggbased,Umami,10Mins,Low budget,Heavy Meal,"Egg Momos , Egg Paratha"
eggbased,Umami,10Mins,Avg budget,Snacks,"Mexican Omlet, Eggs Kejriwal"
eggbased,Umami,10Mins,Avg budget,Light Meal,"Power Omlet, Bohri Keema"
eggbased,Umami,10Mins,Avg budget,Heavy Meal,"Just Egg Roll, Garlic Chicken Egg Roll"
eggbased,Umami,10Mins,Money does not matter to me,Snacks,"Mumbai Omlet, Aloo Cheese Egg Roll"
eggbased,Umami,10Mins,Money does not matter to me,Light Meal,"Akuri, Rice Bhurji"
eggbased,Umami,10Mins,Money does not matter to me,Heavy Meal,"Paneer Bhurji, Chatpata Egg Noodles"
eggbased,Umami,1520 Mins,Low budget,Snacks,"Anda Bhurji, Anda Kachori, Anda Samosa, Anda Cutlet"
eggbased,Umami,1520 Mins,Low budget,Light Meal,"Omelette, Scrambled Eggs, Fried Rice with Egg, Egg Fried Noodles"
eggbased,Umami,1520 Mins,Low budget,Heavy Meal,"Egg Curry, Egg Fried Rice, Egg Korma, Egg Bhurji"
eggbased,Umami,1520 Mins,Avg budget,Snacks,"Egg Roll, Egg Croquette, Egg Kofta, Egg Tikki"
eggbased,Umami,1520 Mins,Avg budget,Light Meal,"Egg Biryani, Boiltikka Fry"
eggbased,Umami,1520 Mins,Avg budget,Heavy Meal,"Masala Egg, Egg Fried Rice, Rice Bhurji"
eggbased,Umami,1520 Mins,Money does not matter to me,Snacks,"Egg Sorma, Masala Bhurji"
eggbased,Umami,1520 Mins,Money does not matter to me,Light Meal,"Crush Bhurji, Omelette, Egg Curry, Scrambled Eggs."
eggbased,Umami,1520 Mins,Money does not matter to me,Heavy Meal,"Egg Fried Rice, Omelette, Egg Curry, Boiled Egg."
eggbased,Umami,30 mins,Low budget,Snacks,"Egg Roll, Egg Bhurji, Egg Omelette, Egg Fried Rice."
eggbased,Umami,30 mins,Low budget,Light Meal,"Anda Curry, Egg Omelette, Boiled Egg, Scrambled Egg."
eggbased,Umami,30 mins,Low budget,Heavy Meal,"Egg Crush Masala, Egg Bhurji, Egg Omelette."
eggbased,Umami,30 mins,Avg budget,Snacks,"Egg Roll, Egg Bhurji, Cheese Chilli Omlett"
eggbased,Umami,30 mins,Avg budget,Light Meal,"Egg Fried Rice,Omelette Masala, Masala Half Fry"
eggbased,Umami,30 mins,Avg budget,Heavy Meal,"HoneyComb Omlett, Cheese Masala Bhurji"
eggbased,Umami,30 mins,Money does not matter to me,Snacks,"Egg Kathi Roll, Half Tawa Fry"
eggbased,Umami,30 mins,Money does not matter to me,Light Meal,"Egg Curry Fry, Rice Bhurji"
eggbased,Umami,30 mins,Money does not matter to me,Heavy Meal,"Masala Half Fry, Egg Tomato Curry"
eggbased,Umami,1 hour,Low budget,Snacks,"Green Chilli Tawa Fry, Omlet Soup"
eggbased,Umami,1 hour,Low budget,Light Meal,"Egg Maggi, Egg Frankie"
eggbased,Umami,1 hour,Low budget,Heavy Meal,"Paneer Chush Omlet, Bhurji Bhurra Masala"
eggbased,Umami,1 hour,Avg budget,Snacks,"Boil, Egg Dosa"
eggbased,Umami,1 hour,Avg budget,Light Meal,"Egg Salad, Egg Pasta"
eggbased,Umami,1 hour,Avg budget,Heavy Meal,"Double Butter Omlett, Masala Half Fry"
eggbased,Umami,1 hour,Money does not matter to me,Snacks,"Egg Pulav , Boil Fry Dry"
eggbased,Umami,1 hour,Money does not matter to me,Light Meal,"Egg Biriyani, Masala Mirch Egg Curry"
eggbased,Umami,1 hour,Money does not matter to me,Heavy Meal,"Boil Crush Bhurji, Masala Egg Tikka"
eggbased,Sweet,10Mins,Low budget,Snacks,"Egg Butter Masala, Bhurji "
eggbased,Sweet,10Mins,Low budget,Light Meal,"Egg Pudding, Egg Cake"
eggbased,Sweet,10Mins,Low budget,Heavy Meal,Egg Honey Sandwitch
eggbased,Sweet,10Mins,Avg budget,Snacks,"Egg Kathi Roll, Egg custered Juice"
eggbased,Sweet,10Mins,Avg budget,Light Meal,"HoneyComb Omlett, Cheese Masala Bhurji"
eggbased,Sweet,10Mins,Avg budget,Heavy Meal,"Egg Korma , Fried Sweet Egg."
eggbased,Sweet,10Mins,Money does not matter to me,Snacks,"Egg Pudding, Scotch Eggs with Honey"
eggbased,Sweet,10Mins,Money does not matter to me,Light Meal,"Omlett Pudding, Egg Cake"
eggbased,Sweet,10Mins,Money does not matter to me,Heavy Meal,"Egg Pudding, Boil Anda Curry"
eggbased,Sweet,1520 Mins,Low budget,Snacks,"Egg Ghotala, Masala Egg English"
eggbased,Sweet,1520 Mins,Low budget,Light Meal,"Bhurj Curry, Egg Veggies Delight"
eggbased,Sweet,1520 Mins,Low budget,Heavy Meal,"Boiled eggs,Omelette with honey, Poached eggs with honey, Scrambled eggs with honey."
eggbased,Sweet,1520 Mins,Avg budget,Snacks,"Egg Waffles, Egg-based Crepes, Sweet Omelette, French Toast"
eggbased,Sweet,1520 Mins,Avg budget,Light Meal,"Sweet Scrambled eggs, Egg Fried Rice with sugar, Egg Fried Noodles with sugar, Egg Sandwich with honey"
eggbased,Sweet,1520 Mins,Avg budget,Heavy Meal,"Egg Pizza , Egg Do Pyaza"
eggbased,Sweet,1520 Mins,Money does not matter to me,Snacks,"Bhurji Roll, Egg Frankie"
eggbased,Sweet,1520 Mins,Money does not matter to me,Light Meal,"Paneer Crush Omlett, BoilTikka Rice"
eggbased,Sweet,1520 Mins,Money does not matter to me,Heavy Meal,"Egg Noodles Curry, Egg Rice Bhurji"
eggbased,Sweet,30 mins,Low budget,Snacks,"Egg Cheese Chilli Masala, Egg 65"
eggbased,Sweet,30 mins,Low budget,Light Meal,"Egg Raw Royal, Boil Crush Bhurji"
eggbased,Sweet,30 mins,Low budget,Heavy Meal,"Butter Boil Rice, Masala Egg Rice"
eggbased,Sweet,30 mins,Avg budget,Snacks,"Egg Rice Bhurji, Masala Butter Egg Curry"
eggbased,Sweet,30 mins,Avg budget,Light Meal,"Egg BoilTikka, Hello Omlett"
eggbased,Sweet,30 mins,Avg budget,Heavy Meal,"Malai Omlett, Boil Rice Bhurji"
eggbased,Sweet,30 mins,Money does not matter to me,Snacks,"Crush Bhurji, Omelette, Egg Curry, Scrambled Eggs."
eggbased,Sweet,30 mins,Money does not matter to me,Light Meal,"Egg Omlett Cheese Roast, Fire Omlett"
eggbased,Sweet,30 mins,Money does not matter to me,Heavy Meal,"Egg Rice Bhurji, Masala Butter Egg Curry"
eggbased,Sweet,1 hour,Low budget,Snacks,Egg Pudding 
eggbased,Sweet,1 hour,Low budget,Light Meal,"Egg Toast, Masala Half Fry"
eggbased,Sweet,1 hour,Low budget,Heavy Meal,"Boil Rice, Egg Masasla"
eggbased,Sweet,1 hour,Avg budget,Snacks,Oiless Omlet
eggbased,Sweet,1 hour,Avg budget,Light Meal,"Egg Dosa, Egg Hot Dog"
eggbased,Sweet,1 hour,Avg budget,Heavy Meal,"Egg  Boil Tikka, Boil Tikka Fry"
eggbased,Sweet,1 hour,Money does not matter to me,Snacks,Masala Boil Curry
eggbased,Sweet,1 hour,Money does not matter to me,Light Meal,Bhurji Cheese Omlet
eggbased,Sweet,1 hour,Money does not matter to me,Heavy Meal,"Boil Crush Bhurji, Masala Egg Tikka"
eggbased,Spicy,10Mins,Low budget,Snacks,"Bhurji Khathi Roll, Paneer Bhurji"
eggbased,Spicy,10Mins,Low budget,Light Meal,"Masala Bhurji Fry, Boil Tikka Pulav"
eggbased,Spicy,10Mins,Low budget,Heavy Meal,"Gravy Egg Curry , Moglai Egg Pulav"
eggbased,Spicy,10Mins,Avg budget,Snacks,"Gravy Boil Omlett, Cheese Egg Roll"
eggbased,Spicy,10Mins,Avg budget,Light Meal,"Egg Crush Bhurji, Cheese Omlett"
eggbased,Spicy,10Mins,Avg budget,Heavy Meal,"Egg Fried Rice, Egg Omlett Biriyani"
eggbased,Spicy,10Mins,Money does not matter to me,Snacks,"Boil Tikka Rice , Special Moglai Rice"
eggbased,Spicy,10Mins,Money does not matter to me,Light Meal,"Egg Omlett Cheese Roast, Fire Omlett"
eggbased,Spicy,10Mins,Money does not matter to me,Heavy Meal,"Anda Fried, Curry Omlett Rice"
eggbased,Spicy,1520 Mins,Low budget,Snacks,Afghani Tikka Rolling
eggbased,Spicy,1520 Mins,Low budget,Light Meal,"Egg Patti Samosa , Masala Anda Curry"
eggbased,Spicy,1520 Mins,Low budget,Heavy Meal,"Egg Rice, Rice Bhurji "
eggbased,Spicy,1520 Mins,Avg budget,Snacks,"Roased Eggs, Bhurji Masala"
eggbased,Spicy,1520 Mins,Avg budget,Light Meal,"Chilli Omlett, Egg Butter Masala"
eggbased,Spicy,1520 Mins,Avg budget,Heavy Meal,"Paneer Crush Omlett, BoilTikka Rice"
eggbased,Spicy,1520 Mins,Money does not matter to me,Snacks,Hot Spicy Bhurji Stuff Sandwitch
eggbased,Spicy,1520 Mins,Money does not matter to me,Light Meal,"Royal Egg Biriyani , Masala Egg Stuffed Grilled Sandwitch"
eggbased,Spicy,1520 Mins,Money does not matter to me,Heavy Meal,"Moglai Dream, Malai Bhurji"
eggbased,Spicy,30 mins,Low budget,Snacks,"Egg Salad, Egg Pasta Hot Bun"
eggbased,Spicy,30 mins,Low budget,Light Meal,"Egg Sticks , Eggitarian Omlett"
eggbased,Spicy,30 mins,Low budget,Heavy Meal,"Cheese Coated Spicy Bhurji, Royal Egg Biriyani"
eggbased,Spicy,30 mins,Avg budget,Snacks,"Egg Samosas, Egg Kachoris"
eggbased,Spicy,30 mins,Avg budget,Light Meal,"Egg HalF Fry, Cheese Half Fry"
eggbased,Spicy,30 mins,Avg budget,Heavy Meal,"Egg Bun, Egg Butter Omlett"
eggbased,Spicy,30 mins,Money does not matter to me,Snacks,Egg Sprinked Rice
eggbased,Spicy,30 mins,Money does not matter to me,Light Meal,"Egg Royal Raja, Bhurji Butter Vada Pav"
eggbased,Spicy,30 mins,Money does not matter to me,Heavy Meal,"Egg Crush Rice, Paneer Egg Rice"
eggbased,Spicy,1 hour,Low budget,Snacks,"Egg Hot dog, Egg Burger"
eggbased,Spicy,1 hour,Low budget,Light Meal,Cheese Boil Tikka
eggbased,Spicy,1 hour,Low budget,Heavy Meal,"Boiled Fry, EGG Angara"
eggbased,Spicy,1 hour,Avg budget,Snacks,"Roased Eggs, Bhurji Masala"
eggbased,Spicy,1 hour,Avg budget,Light Meal,"Egg Lazeez, Masala Chilli Omlett "
eggbased,Spicy,1 hour,Avg budget,Heavy Meal,"Veg Masala Paneer Bhurji, "
eggbased,Spicy,1 hour,Money does not matter to me,Snacks,"Easy omlett, Matter Omlett"
eggbased,Spicy,1 hour,Money does not matter to me,Light Meal,"Cheese Boil Rice, Egg Green Gravy"
eggbased,Spicy,1 hour,Money does not matter to me,Heavy Meal,"Egg Fried Manchurian Rice, Egg Gotala"
eggbased,Sour,10Mins,Low budget,Snacks,"Egg Paratha, Cheese Masala Half Fry"
eggbased,Sour,10Mins,Low budget,Light Meal,"Egg ECG, Cheese Butter Gotala"
eggbased,Sour,10Mins,Low budget,Heavy Meal,"Anda Curry, Egg Pulav Blaster"
eggbased,Sour,10Mins,Avg budget,Snacks,"Suraj Omlett, Egg Dry"
eggbased,Sour,10Mins,Avg budget,Light Meal,"Boil Crush Bhurji, Masala Egg Tikka"
eggbased,Sour,10Mins,Avg budget,Heavy Meal,"Cheese Tandori Egg Masala, Mugalai Egg"
eggbased,Sour,10Mins,Money does not matter to me,Snacks,"Hot Spicy Egg Paneer , Egg 65"
eggbased,Sour,10Mins,Money does not matter to me,Light Meal,"Tomato Egg Omlett, Andy ka Funda"
eggbased,Sour,10Mins,Money does not matter to me,Heavy Meal,"Fluffy Omlett, Egg Maggi"
eggbased,Sour,1520 Mins,Low budget,Snacks,"Cheese Egg Nachos, Boiltikka Masala"
eggbased,Sour,1520 Mins,Low budget,Light Meal,"Egg chef Special , Egg Biriyani"
eggbased,Sour,1520 Mins,Low budget,Heavy Meal,"Power Boil Tikka, Plain Omlett"
eggbased,Sour,1520 Mins,Avg budget,Snacks,"Bhurji, Egg 65"
eggbased,Sour,1520 Mins,Avg budget,Light Meal,"Tomato Omlett, Masala Mirch Egg Fry"
eggbased,Sour,1520 Mins,Avg budget,Heavy Meal,"Omlett Zero, Masala Half Fry"
eggbased,Sour,1520 Mins,Money does not matter to me,Snacks,"Egg Tikka, Boiled Fried Rice"
eggbased,Sour,1520 Mins,Money does not matter to me,Light Meal,"Egg Roased Omlett, Maharaja Egg Rice"
eggbased,Sour,1520 Mins,Money does not matter to me,Heavy Meal,"Egg Rice Bhurji, Masala Butter Egg Curry"
eggbased,Sour,30 mins,Low budget,Snacks,Egg 65
eggbased,Sour,30 mins,Low budget,Light Meal,"Egg Fried Rice, Bhurji Pizza"
eggbased,Sour,30 mins,Low budget,Heavy Meal,"Power Omlett, Boil Rice Bhurji"
eggbased,Sour,30 mins,Avg budget,Snacks,"Spicy Bhurji, Cheese Egg Gotala"
eggbased,Sour,30 mins,Avg budget,Light Meal,"Egg Curry, Anda Fry "
eggbased,Sour,30 mins,Avg budget,Heavy Meal,"Royal Egg Biriyani , Suff Egg Garlic Bread"
eggbased,Sour,30 mins,Money does not matter to me,Snacks,"Club Egg Sandwitch, Egg Salad"
eggbased,Sour,30 mins,Money does not matter to me,Light Meal,"Egg Pizza , Egg Do Pyaza"
eggbased,Sour,30 mins,Money does not matter to me,Heavy Meal,"Angara Egg Omlett, Onion Omlett"
eggbased,Sour,1 hour,Low budget,Snacks,"Masala Rice Bhurji , Cheese Grilled Egg Sticks"
eggbased,Sour,1 hour,Low budget,Light Meal,"Mayo Egg Omlett, Spicy Egg Tikka"
eggbased,Sour,1 hour,Low budget,Heavy Meal,"Boiled Tikka Crush , Crush Bhurji "
eggbased,Sour,1 hour,Avg budget,Snacks,"Hydrabadi Egg Omlet, Cheese Egg Dry"
eggbased,Sour,1 hour,Avg budget,Light Meal,"Roased Egg Fry, Masala Egg "
eggbased,Sour,1 hour,Avg budget,Heavy Meal,"Egg Paneer Butter Masala, Hot Spicy Egg"
eggbased,Sour,1 hour,Money does not matter to me,Snacks,Egg Masala Crush Burji
eggbased,Sour,1 hour,Money does not matter to me,Light Meal,"Crush Bhurji, Omelette, Egg Curry, Scrambled Eggs."
eggbased,Sour,1 hour,Money does not matter to me,Heavy Meal,"Boiltikka Rice, Masala Egg"
